id_profesor,nombre,apellido,email,horas_diarias
1,Tiphany,Gerald,tgerald0@umn.edu,8:27
2,Jeannette,Trustram,jtrustram1@gov.uk,6:11
3,Shalom,Sowerbutts,ssowerbutts2@privacy.gov.au,17:09
4,Papageno,Bumphrey,pbumphrey3@mysql.com,13:25
5,Dionisio,Lammerich,dlammerich4@storify.com,9:17
6,Faustina,Grisdale,fgrisdale5@bloglovin.com,21:57
7,Deana,Gouldthorp,dgouldthorp6@multiply.com,15:51
8,Umeko,Gadeaux,ugadeaux7@networkadvertising.org,17:50
9,Kincaid,Haston,khaston8@printfriendly.com,12:05
10,Katya,Francisco,kfrancisco9@smugmug.com,0:54
11,Thayne,Snelgar,tsnelgara@purevolume.com,11:04
12,Granny,MacVagh,gmacvaghb@ca.gov,22:19
13,Jobie,Douche,jdouchec@go.com,12:23
14,Florrie,Leatham,fleathamd@newyorker.com,8:01
15,Ramsay,Geaney,rgeaneye@illinois.edu,16:44
16,Roxie,Jaggi,rjaggif@fda.gov,3:10
17,Hilde,Coram,hcoramg@ifeng.com,1:07
18,Kellen,Tranter,ktranterh@kickstarter.com,10:50
19,Charmian,Kurten,ckurteni@delicious.com,12:11
20,Elijah,Gilpillan,egilpillanj@msu.edu,18:35
21,Irina,Sola,isolak@ameblo.jp,9:24
22,Brittni,Lanston,blanstonl@java.com,10:34
23,Betty,Franzini,bfranzinim@mysql.com,2:31
24,Kelley,Keedy,kkeedyn@phoca.cz,15:54
25,Kris,Hember,khembero@dot.gov,12:05
26,Jermain,Mathieson,jmathiesonp@npr.org,8:03
27,Bella,Jantzen,bjantzenq@hp.com,6:47
28,Rosamund,Shalcros,rshalcrosr@trellian.com,11:56
29,Lottie,Cottham,lcotthams@imdb.com,10:23
30,Teddie,Ramshaw,tramshawt@scientificamerican.com,17:12
31,Ingaberg,Kentish,ikentishu@qq.com,0:29
32,Nettie,Toppes,ntoppesv@technorati.com,16:32
33,Giordano,Farnes,gfarnesw@unicef.org,18:00
34,Rowena,Garry,rgarryx@icq.com,11:04
35,Marnia,Hembery,mhemberyy@toplist.cz,10:51
36,Ginnie,Bywater,gbywaterz@who.int,5:51
37,Evey,Danielczyk,edanielczyk10@reference.com,12:08
38,Sondra,Onions,sonions11@diigo.com,7:20
39,Izzy,Prickett,iprickett12@newyorker.com,21:26
40,Verine,Powys,vpowys13@dot.gov,10:58
41,Gaultiero,McMychem,gmcmychem14@stanford.edu,3:26
42,Sayres,Zannelli,szannelli15@artisteer.com,0:54
43,Alessandro,Twinbourne,atwinbourne16@printfriendly.com,2:47
44,Fredelia,Kemmer,fkemmer17@jimdo.com,22:15
45,Tobie,Newton,tnewton18@yale.edu,19:21
46,Angela,Deuss,adeuss19@netlog.com,23:55
47,Nicole,Archbold,narchbold1a@google.it,13:18
48,Zak,Moret,zmoret1b@patch.com,23:32
49,Evin,Curteis,ecurteis1c@vinaora.com,15:25
50,Merci,Meritt,mmeritt1d@google.fr,8:32
